{"cameraMode":{"drawMode":0,"name":"Shaded","section":"Shading Mode"},"sceneLighting":true,"audioPlay":false,"sceneViewState":{"m_AlwaysRefresh":false,"showFog":true,"showSkybox":true,"showFlares":true,"showImageEffects":true,"showParticleSystems":true,"showVisualEffectGraphs":true,"m_FxEnabled":true},"in2DMode":false,"pivot":{"x":12.609630584716797,"y":6.465684413909912,"z":-0.9731466770172119},"rotation":{"x":-0.41022545099258425,"y":-0.22145584225654603,"z":0.10339652001857758,"w":-0.8786361813545227},"size":2.470290184020996,"orthographic":false}